{
  "train_loss": [
    2.4549274811936845,
    2.2603174756835203,
    2.1821583485627554,
    2.1598358945526837,
    2.133621760800133,
    2.128434131963351,
    2.0871860072687847,
    2.0713185064275104,
    2.0553828147238407,
    2.039159021900744,
    2.0166202251119127,
    2.014907454540073,
    1.9884405179706783,
    2.0158487183338014,
    2.014655257175625,
    1.9036923013539222,
    1.8142018758197014,
    1.7376105201635932,
    1.6969211906083672,
    1.626009508427466,
    1.60653013925491,
    1.5638390004816518,
    1.550365259152447,
    1.51969297465897,
    1.4973153737372074,
    1.4646903130711841,
    1.4285920992811534,
    1.4096850534233045,
    1.3774469560015374,
    1.3881687170927137
  ],
  "val_loss": [
    2.246199773048943,
    2.135172753324893,
    2.0735600198299093,
    2.0566753597497485,
    2.046333255786127,
    2.046392282002718,
    2.0068504762283443,
    2.0138880332463533,
    1.9632057706591264,
    2.05197193114634,
    1.9779204786853462,
    1.9609468115954847,
    1.9462256184466282,
    1.9351479920224357,
    1.9312071319733837,
    1.8169672786617461,
    1.7708531079273993,
    1.7557217940945542,
    1.660398769401543,
    1.67338319646191,
    1.5908995429751054,
    1.574725826619454,
    1.5615453813904308,
    1.535157638067476,
    1.5463616294275089,
    1.5119714079113702,
    1.513297863118708,
    1.5003096828533913,
    1.479286216042092,
    1.4431495043000424
  ],
  "train_acc": [
    21.639011175076195,
    27.404334575008466,
    29.41923467660007,
    30.358956992888587,
    30.773789366745678,
    30.875380968506605,
    32.33152726041314,
    32.50931256349475,
    33.127328140873686,
    33.84693532001354,
    33.39823907890281,
    34.304097527937685,
    34.08398239078903,
    33.81307145275991,
    34.24483576024382,
    37.30104977988486,
    38.61327463596343,
    41.288520149001016,
    42.14358279715544,
    44.133084998306806,
    44.27700643413478,
    46.13105316627159,
    46.78293261090417,
    47.75651879444632,
    48.239078902810704,
    49.47511005756857,
    50.19471723670843,
    50.17778530308161,
    51.752455130375886,
    51.15137148662377
  ],
  "val_acc": [
    28.83877159309021,
    33.54126679462572,
    34.93282149712092,
    33.925143953934736,
    35.31669865642994,
    33.87715930902112,
    34.644913627639156,
    35.79654510556622,
    36.32437619961612,
    36.51631477927063,
    37.52399232245681,
    36.8042226487524,
    38.09980806142035,
    38.7236084452975,
    38.29174664107486,
    41.074856046065264,
    42.08253358925144,
    42.226487523992326,
    44.865642994241846,
    43.71401151631478,
    47.216890595009595,
    46.880998080614205,
    47.840690978886755,
    48.272552783109404,
    48.99232245681382,
    48.94433781190019,
    49.66410748560461,
    50.3358925143954,
    51.34357005758158,
    51.34357005758158
  ]
}