{
  "train_loss": [
    2.3139672534042393,
    2.0593881699484737,
    1.9825431877977053,
    1.9574674362455788,
    1.8921641463129093,
    1.8543626249835479,
    1.8470048021297478,
    1.8200086806456974,
    1.805693342658657,
    1.7853867472055622,
    1.7451821323859422,
    1.7141934767660603,
    1.7504500736737385,
    1.7238105298380209,
    1.6954935321110405,
    1.6989590685158105,
    1.6872436804014233,
    1.669565199796613,
    1.6021188566360616,
    1.4918102775710638,
    1.4436574207963486,
    1.3590021739862526,
    1.3108489607037153,
    1.267630270456973,
    1.2678876709409306,
    1.197418237168393,
    1.1532001256619853,
    1.1176807880300705,
    1.089885684687897,
    1.0540726746079159,
    1.0283644961608491,
    0.9961828084611158,
    0.9786647101919401,
    0.9434534652757427,
    0.902756865141213,
    0.8792322059159596,
    0.8550914228517472,
    0.8136794425033769,
    0.7949391299947297,
    0.7838151045250816,
    0.7573325797721217,
    0.7200333820052088,
    0.7169226909503126
  ],
  "val_loss": [
    2.032175788494996,
    1.9315013732196273,
    1.930346329244222,
    1.8565938431562252,
    1.8624868319725578,
    1.8155656648002523,
    1.7860820943242985,
    1.8007245242252459,
    1.805408994890678,
    1.77184697716799,
    1.738734538175323,
    1.7663044876878413,
    1.747089809739887,
    1.7281751870651392,
    1.7302119928678488,
    1.7642851269405313,
    1.7303539104974202,
    1.734098038838143,
    1.7014432127324726,
    1.5920835882139297,
    1.5672889748827739,
    1.5106147090670243,
    1.5070919999691896,
    1.4817632727339263,
    1.4525012077617097,
    1.4520436275943456,
    1.4250863808816774,
    1.4059737614157561,
    1.398558029515272,
    1.3977645605859739,
    1.3958102572215954,
    1.4012037225053315,
    1.3723468741620113,
    1.3680129870343345,
    1.3543151706285532,
    1.3404226058275366,
    1.338055893464189,
    1.3641006250985523,
    1.3327569963835937,
    1.3501848920521946,
    1.31644005784604,
    1.287792186590623,
    1.3239082118599979
  ],
  "train_acc": [
    30.480785508718473,
    36.95615371593025,
    38.91146097850008,
    39.402403927543595,
    41.5185373285932,
    42.33959708820044,
    42.71203656678517,
    43.465380057558825,
    44.39647875402065,
    44.024039275435925,
    45.62383612662943,
    46.089385474860336,
    45.78466226510919,
    46.15710174369392,
    46.8088708312172,
    47.088200440155745,
    47.49449805315727,
    47.52835618757407,
    49.86456746233283,
    53.021838496698834,
    54.58777721347554,
    57.00863382427628,
    58.532249873031994,
    59.87811071609954,
    59.70035551041137,
    61.79109531064838,
    63.687150837988824,
    64.39817166074148,
    65.27848315557813,
    66.60741493143728,
    67.0306416116472,
    68.43575418994413,
    68.67276113086169,
    70.06094464195023,
    71.05129507364144,
    71.62688335872693,
    72.53258845437617,
    74.23395970882004,
    74.4709666497376,
    75.00423226680209,
    75.82529202640934,
    76.80717792449636,
    77.06111393262232
  ],
  "val_acc": [
    37.284069097888676,
    38.963531669865645,
    40.019193857965455,
    42.130518234165066,
    42.27447216890595,
    42.61036468330134,
    44.145873320537426,
    43.522072936660265,
    42.994241842610364,
    45.92130518234165,
    46.49712092130518,
    46.49712092130518,
    46.06525911708253,
    46.54510556621881,
    47.36084452975048,
    46.11324376199616,
    45.633397312859884,
    45.34548944337812,
    48.70441458733205,
    50.09596928982726,
    51.24760076775432,
    52.54318618042226,
    52.97504798464492,
    54.65451055662188,
    54.078694817658345,
    55.27831094049904,
    55.518234165067184,
    55.950095969289826,
    56.142034548944345,
    56.4299424184261,
    56.90978886756238,
    56.47792706333973,
    58.10940499040307,
    57.965451055662186,
    58.781190019193865,
    59.21305182341651,
    59.83685220729367,
    59.980806142034545,
    61.036468330134355,
    59.5489443378119,
    61.18042226487525,
    61.85220729366603,
    61.37236084452975
  ]
}